threshold,fpr,tpr
1.79769e+308,0,0
1.79769e+308,0,0
0.439561,0,0.133333
0.430956,0,0.266667
0.422218,0.0571429,0.333333
0.395193,0.0857143,0.333333
0.385907,0.114286,0.4
0.376477,0.171429,0.466667
0.366904,0.228571,0.6
0.357183,0.257143,0.666667
0.327115,0.314286,0.933333
0.316784,0.314286,1
0.306293,0.342857,1
0.295642,0.457143,1
0.284827,1,1
